Driver ID,Driver Name,Idle Deduct,Idle Percent,MPG Deduct,Efficiency,Harsh Deduct,Harsh Events,Safety Deduct,Safety Score,Total Bonus
4400324,Stephane Cajelais,0,5.303639062009507,0,6.941306546719915,0,0,0,100,500
7531538,Ana Villada,25,12.431482714341117,0,6.994097980655076,0,0,0,100,475
16002766,Manpreet Singh,25,21.444279064260595,0,7.116328668718858,0,0,0,100,475
4400386,Daniel Lester,0,6.079322247760293,25,6.48695411131095,0,0,0,100,475
15357015,Gurwinder  Singh,25,14.209868616943064,0,7.503304004945953,0,0,0,98,475
4864225,Lovepreet Gill,25,14.47480213202344,25,6.696166665603368,0,0,0,100,450
12447380,Gurwinder Bhullar,25,11.10427969111822,25,6.323030897238037,0,0,0,100,450
6487974,Jaskirat Brar,25,8.765006702383776,25,6.757449034723102,0,0,0,100,450
6487971,Harwinder Singh,25,17.270571245206874,25,6.881775336731309,0,0,0,100,450
6459386,Kulwinder Gill,25,16.50770944202541,25,6.096275558937453,0,0,0,99,450
5676656,Bryn Baxter,25,7.612705829725497,25,6.439886272882525,0,0,0,100,450
4864246,Arshdeep Nehal,25,14.96868644455728,25,6.4454896817248555,0,0,0,100,450
6724931,Karanvir Bajwa,25,12.413804345591945,25,6.53971187145323,0,0,0,100,450
4400308,Dan Thompson,0,1.7348819399381625,25,6.192525848419969,0,0,25,96,450
6009101,Avtar Litt,25,13.45298504665447,25,6.7119173594558434,0,0,0,100,450
5960088,Gurinder Singh,25,11.280044665230408,25,6.85048165739878,0,0,0,100,450
4400374,Govinda Rovira,25,7.478709787609779,25,6.37770335271642,0,0,0,100,450
4400397,Cary McGinnis,25,7.523375950166806,25,6.305517204425316,0,0,0,100,450
4400340,Peter Fratczak,25,13.35063908973246,25,6.464718767929162,0,0,0,100,450
4400362,Frank Naidu,25,7.633114482767056,25,6.31171224327447,0,0,0,100,450
6836403,Ramandeep Sekhon,25,16.219150162758844,25,6.197620702976398,0,0,0,100,450
4400355,Lorenzo Lopez,25,11.291222568419318,25,6.235279070899504,0,0,0,100,450
5960209,Gursimran Singh,25,13.808131855539822,25,6.690657535030712,0,0,0,100,450
14781466,Nadir Akhter Cheema,25,15.37493629562916,25,6.628405391593426,0,0,0,100,450
12979263,Rodney Pugh,25,14.000378998028939,50,5.7854551657874795,0,0,0,98,425
4400382,David Duchesne,0,5.149718398067244,25,6.372987378069727,0,0,50,93,425
5967803,Brett McCormick,0,6.111111811307866,50,5.8582686584836505,0,0,25,96,425
6009250,Amritpal Singh,25,12.380253677636881,25,6.6478993966646005,0,0,25,96,425
4400350,Jake Maharaj,25,10.019252178648456,50,5.647798116037111,0,0,0,100,425
12447713,Amritpal Bhatthal,0,6.864219124548187,25,6.461274570362598,0,0,50,91,425
7597371,Damanpreet Singh,25,16.684863701520513,0,5.910297513751629,0,0,50,76,425
7597375,Harmandeep Gill,25,22.889391403062007,0,5.93394058973035,0,0,50,75,425
4400361,Ralph Muench,0,3.8958420337358213,25,6.190425076465905,0,0,50,93,425
4400298,Bill Wittal,25,9.65846219469418,25,6.790720784451979,0,0,25,96,425
4400418,Kevin Park,0,2.1063676550784534,25,6.169588343486129,0,0,50,73,425
4400415,Dave Hotchkiss,0,3.821877126421384,25,6.053887771844503,0,0,50,92,425
7258913,Harold King,25,12.274550341410325,0,5.908922545074193,0,0,50,92,425
4400411,Robert Nordstrom,25,22.663593050677243,50,4.1345631715095195,0,0,0,98,425
4400384,Mike List,0,6.297346624838019,25,6.228258404142802,0,0,50,89,425
6464661,Gurpreet Brar,25,13.4480983347974,25,6.292810084095787,0,0,50,88,400
11732824,Paramjit Singh Grewal ,25,13.00311044021378,25,6.20959455857521,0,0,50,92,400
7474515,Satnam Singh Sidhu,50,97.12243692206444,50,0.0576297717077068,0,0,0,100,400
6009333,Simratpal Singh,25,10.303797661400962,25,6.56179543083524,0,0,50,90,400
14781391,Harpreet Singh Sudhan,25,16.416153681752057,25,6.3848679302964575,0,0,50,85,400
6465006,Deepinder Singh,25,13.050140177947785,25,6.538686581161075,0,0,50,94,400
6673320,Larry Keast,25,9.268165144773352,25,6.094819182677158,0,0,50,87,400
6836387,Jagtar Singh,25,7.546215467884958,25,6.2204432198236255,0,0,50,94,400
5960026,Vichi Grosu,25,12.244337751897021,25,6.454216950492819,0,0,50,79,400
5959732,Varinder Billing,25,15.47568572209694,25,6.276138854906481,0,0,50,90,400
5959918,Satnam Dhaliwal,25,14.138763371062474,25,6.658080094345306,0,0,50,90,400
12447030,Jagjit Sidhu,25,14.235726010324692,25,6.143735078295235,0,0,50,56,400
4400321,Rob Beaudreau,25,9.65040479968478,25,6.176446454425664,0,0,50,95,400
4400331,Gordon Crawford,25,18.548973062601195,25,6.2792837802314025,0,0,50,62,400
4400347,Jose Lledo,25,14.028427933992187,25,6.277934868845464,0,0,50,94,400
12448384,Fuljit Dhillon,25,12.237035997532553,25,6.369230447005535,0,0,50,86,400
4400377,Hameed Sediq,25,12.436961170158849,25,6.074853782833571,0,0,50,37,400
6464683,Hardeep Sidhu,25,12.414854320081355,25,6.512538390079459,0,0,50,88,400
4400390,Christopher Weatherhead,25,12.583038428899709,25,6.213601113530418,0,0,50,95,400
4400381,Brian Wasik,0,6.593991220582954,50,5.26637839235106,0,0,50,82,400
6487967,Gagandeep Dhaliwal,25,13.658543489845862,25,6.429340046954414,0,0,50,91,400
4400414,Philip Parsons,0,4.117213498878828,50,5.8411758159363965,0,0,50,58,400
4400424,Kevin McNeil,0,6.701543422316251,50,4.943224761528172,0,0,50,36,400
4856558,Pargat Chohan,25,12.388285675592,25,6.594905922301902,0,0,50,91,400
4856561,Pardeep Nagra,25,16.610273277722914,25,6.729461672391013,0,0,50,91,400
14591296,Sukhwinder Singh Sandhu,25,11.02583528531273,25,6.813678143678826,0,0,50,94,400
5318372,Michelle Towert,25,12.431931646867318,25,6.300863373222898,0,0,50,76,400
6684835,Navtej Sandhu,25,9.71381157204706,25,6.64738687436798,0,0,50,92,400
12080713,Hernan Silva,25,16.489735032062704,50,5.825171932704765,0,0,50,91,375
14227321,Pargat Singh Dhaliwal,25,10.893308833192023,50,5.620396635024951,0,0,50,46,375
4400296,Simon Ablitt,0,1.6909000423629343,50,5.723053565972379,25,1,50,68,375
7841173,Vladimir,25,14.607835286027889,50,5.805913237647912,0,0,50,88,375
7597440,Tim Jarvis,25,9.983728022708187,50,5.597674632215321,0,0,50,57,375
4400426,David Anderson,25,9.984897197546834,50,5.8132943636540935,0,0,50,80,375
4400396,Michael Cranmer,25,8.231008665955917,50,5.80060883673091,0,0,50,23,375
4400373,Luke Slater,25,10.010807296644584,50,5.540093591894138,0,0,50,86,375
4400291,Lorne Serpa,25,12.191328728540258,25,6.295340766627136,25,1,50,77,375
4400342,Rick Hargreaves,25,13.964948516032461,25,6.064520997015299,25,1,50,60,375
4400282,Marc Filiatrault,25,7.979493324871612,25,6.435290570470009,25,1,50,45,375
4400400,Stephen Graham,25,7.289223730757987,50,5.8647959691879805,25,1,50,50,350
13683043,Prakash Lataula,50,26.315009102379754,50,5.861260678689138,0,0,50,42,350
4400336,Gurnek Gill,25,12.499588067463243,25,6.596763213213554,50,2,50,80,350
15637248,Simarpreet Singh,50,35.6081271589103,50,5.618832749325627,0,0,50,79,350
13683598,PLataula,50,37.90675821139894,50,5.7545528528971515,0,0,50,58,350
